City_ID,City,Lat,Lng,Max Temp,Humidity,Cloudiness,Wind Speed,Country,Date
0,atafu village,-8.5421,-172.5159,301.22,76,100,5.74,TK,1695410209
1,olonkinbyen,70.9221,-8.7187,276.0,65,52,3.55,SJ,1695410370
2,kingston,17.997,-76.7936,305.68,75,40,5.14,JM,1695410178
3,port mathurin,-19.6833,63.4167,296.37,72,0,9.21,MU,1695410212
4,lompoc,34.6391,-120.4579,297.23,68,20,4.12,US,1695410083
5,marivan,35.5219,46.176,295.08,21,0,2.7,IR,1695410372
6,college,64.8569,-147.8028,276.73,94,100,0.0,US,1695410372
7,puerto natales,-51.7236,-72.4875,279.87,55,9,4.28,CL,1695410205
8,waitangi,-43.9535,-176.5597,286.38,93,93,3.13,NZ,1695410373
9,hasaki,35.7333,140.8333,296.09,91,100,6.68,JP,1695410374
10,teteven,42.9167,24.2667,295.08,57,14,2.76,BG,1695410375
11,lebu,-37.6167,-73.65,283.74,80,100,4.5,CL,1695410206
12,edinburgh of the seven seas,-37.0676,-12.3116,284.59,59,62,4.53,SH,1695410376
13,port-aux-francais,-49.35,70.2167,278.03,97,100,15.01,TF,1695410208
14,katsuura,35.1333,140.3,296.7,94,100,4.6,JP,1695410377
15,tazovsky,67.4667,78.7,275.28,88,100,12.48,RU,1695410208
16,galliano,29.4422,-90.2992,307.59,52,40,2.57,US,1695410378
17,bandar lampung,-5.4254,105.258,295.16,85,23,3.48,ID,1695410378
18,daru,-9.0763,143.2092,297.36,69,17,5.3,PG,1695410379
19,abbeville,50.1,1.8333,289.13,88,100,3.95,FR,1695410379
20,nagqu,31.5,92.0,274.86,90,8,0.96,CN,1695410380
21,aykhal,66.0,111.5,278.64,93,100,6.63,RU,1695410380
22,adamstown,-25.066,-130.1015,293.88,89,6,6.87,PN,1695410380
23,puerto ayora,-0.7393,-90.3518,303.13,85,66,3.58,EC,1695410381
24,tak bai,6.2595,102.0546,298.14,90,100,1.69,TH,1695410381
25,grytviken,-54.2811,-36.5092,267.57,78,22,6.54,GS,1695410382
26,blackmans bay,-43.0167,147.3167,279.55,91,100,1.63,AU,1695410207
27,mount isa,-20.7333,139.5,293.02,22,0,4.12,AU,1695410384
28,aasiaat,68.7098,-52.8699,271.6,63,23,5.03,GL,1695410384
29,bethel,41.3712,-73.414,295.48,63,75,3.6,US,1695410384
30,newman,37.3138,-121.0208,297.72,37,0,0.73,US,1695410385
31,murashi,59.3999,48.9615,288.22,85,100,1.68,RU,1695410385
32,isafjordur,66.0755,-23.124,275.63,80,100,3.69,IS,1695410252
33,maamba,-17.3667,27.15,298.62,27,0,1.54,ZM,1695410386
34,lexington park,38.2668,-76.4538,295.99,74,100,4.63,US,1695410289
35,cape coast,5.1053,-1.2466,298.28,91,100,3.66,GH,1695410387
36,el bauga,18.262,33.9081,311.45,17,94,5.74,SD,1695410388
37,pisco,-13.7,-76.2167,295.18,64,0,5.66,PE,1695410112
38,envira,-7.3,-70.2167,311.5,26,62,0.88,BR,1695410389
39,kiffa,16.6166,-11.4045,312.15,21,65,0.43,MR,1695410389
40,tura,25.5198,90.2201,296.04,99,100,1.38,IN,1695410205
41,anadyr,64.75,177.4833,279.43,93,40,7.0,RU,1695410390
42,labytnangi,66.6572,66.4183,279.0,77,100,4.67,RU,1695410391
43,mermoz boabab,14.7065,-17.4758,303.46,84,20,3.09,SN,1695410391
44,papatowai,-46.5619,169.4708,279.22,91,100,2.01,NZ,1695410391
45,island harbour,50.724,-1.2758,287.03,81,0,1.34,GB,1695410392
46,margaret river,-33.95,115.0667,285.86,82,14,4.23,AU,1695410392
47,hithadhoo,-0.6,73.0833,300.88,77,67,5.3,MV,1695410393
48,iqaluit,63.7506,-68.5145,273.0,86,100,4.12,CA,1695410394
49,tamandare,-8.7597,-35.1047,299.74,71,42,3.74,BR,1695410394
50,cesme,38.3228,26.3064,294.99,73,0,0.0,TR,1695410395
51,bandar-e genaveh,29.5791,50.517,306.93,45,2,1.31,IR,1695410395
52,ribeira grande,38.5167,-28.7,295.8,100,75,6.71,PT,1695410396
53,whitehorse,60.7161,-135.0538,279.58,89,100,0.45,CA,1695410396
54,napier,-39.4833,176.9167,289.97,72,89,3.13,NZ,1695410396
55,ashburton,-37.8626,145.0794,279.77,79,100,1.32,AU,1695410397
56,udachny,66.4167,112.4,279.55,90,97,6.33,RU,1695410397
57,georgetown,5.4112,100.3354,299.79,91,20,1.54,MY,1695410398
58,albany,42.6001,-73.9662,296.38,58,100,1.34,US,1695410112
59,happy valley-goose bay,53.3168,-60.3315,289.32,41,75,6.17,CA,1695410110
60,aberdeen,57.1437,-2.0981,283.42,94,75,5.66,GB,1695410255
61,novouzensk,50.4592,48.1431,290.52,36,0,2.69,RU,1695410399
62,mirnyy,62.5353,113.9611,281.06,93,100,4.92,RU,1695410400
63,palmer,42.1584,-72.3287,295.8,52,75,4.63,US,1695410228
64,hermanus,-34.4187,19.2345,286.93,86,7,3.5,ZA,1695410215
65,iskateley,67.6803,53.1512,278.49,87,100,4.85,RU,1695410401
66,ushuaia,-54.8,-68.3,277.96,75,75,11.83,AR,1695410402
67,huntington,38.4193,-82.4452,301.11,54,20,3.58,US,1695410273
68,calca,-13.3333,-71.95,295.79,53,53,4.19,PE,1695410405
69,hamilton,39.1834,-84.5333,303.58,39,0,3.6,US,1695410130
70,severo-yeniseyskiy,60.3725,93.0408,282.3,77,100,4.62,RU,1695410406
71,kol'chugino,56.3,39.3833,287.82,59,0,2.57,RU,1695410406
72,rio grande,-32.035,-52.0986,290.21,88,100,3.47,BR,1695410220
73,ulladulla,-35.35,150.4667,281.89,82,50,2.05,AU,1695410408
74,mili,6.0815,171.735,300.97,75,100,1.52,MH,1695410409
75,ad dilam,23.9915,47.1627,306.38,11,79,3.53,SA,1695410409
76,glace bay,46.1969,-59.957,289.7,63,20,5.66,CA,1695410410
77,bel ombre,-4.6167,55.4167,300.06,83,40,7.2,SC,1695410410
78,saldanha,-33.0117,17.9442,287.93,81,0,4.85,ZA,1695410411
79,kikwit,-5.041,18.8162,299.98,62,100,1.16,CD,1695410411
80,vorgashor,67.5833,63.95,275.57,90,100,6.46,RU,1695410412
81,heishan,41.6892,122.1128,284.13,62,27,3.19,CN,1695410412
82,pimentel,-6.8367,-79.9342,298.31,61,0,7.72,PE,1695410412
83,labrador city,52.9463,-66.9114,286.1,76,75,4.12,CA,1695410413
84,sarichioi,44.95,28.85,294.35,78,75,4.63,RO,1695410413
85,jakobstad,63.6749,22.7026,291.5,76,100,8.6,FI,1695410414
86,sao joao da barra,-21.6403,-41.0511,300.2,76,5,9.34,BR,1695410208
87,tiksi,71.6872,128.8694,274.09,75,100,4.09,RU,1695410415
88,ondangwa,-17.9167,15.95,300.99,25,3,3.16,NA,1695410415
89,klyuchi,52.2667,79.1667,288.95,39,100,7.4,RU,1695410416
90,carnarvon,-24.8667,113.6333,291.43,74,0,6.51,AU,1695410417
91,feijo,-8.1642,-70.3536,309.54,32,100,0.65,BR,1695410417
92,mont-dore,-22.2833,166.5833,296.48,99,26,1.63,NC,1695410417
93,ko pha ngan,9.7578,100.0291,298.72,74,100,5.24,TH,1695410418
94,bang pakong,13.543,100.9933,301.01,86,100,2.88,TH,1695410419
95,qaqortoq,60.7167,-46.0333,278.12,68,57,3.58,GL,1695410419
96,flin flon,54.7682,-101.865,293.06,49,20,3.6,CA,1695410419
97,puerto madero,14.7208,-92.4215,307.26,59,20,2.57,MX,1695410420
98,afaahiti,-17.75,-149.2833,299.08,93,100,4.26,PF,1695410420
99,barguzin,53.6167,109.6167,281.8,69,0,1.97,RU,1695410421
100,sol'-iletsk,51.1631,54.9918,290.28,51,0,2.37,RU,1695410421
101,haiku-pauwela,20.9219,-156.3051,298.29,73,40,8.75,US,1695410422
102,ilulissat,69.2167,-51.1,275.16,35,20,6.17,GL,1695410422
103,yellowknife,62.456,-114.3525,288.46,81,75,6.71,CA,1695410206
104,guerrero negro,27.9769,-114.0611,297.11,56,10,6.7,MX,1695410423
105,ta`u,-14.2336,-169.5144,298.95,78,100,13.01,AS,1695410424
106,mogadishu,2.0371,45.3438,299.04,84,50,6.96,SO,1695410425
107,ramadi,33.4226,43.3058,307.99,12,0,3.84,IQ,1695410426
108,port elizabeth,-33.918,25.5701,290.55,75,100,3.6,ZA,1695410426
109,mount gambier,-37.8333,140.7667,278.31,93,100,2.22,AU,1695410427
110,quellon,-43.1167,-73.6167,283.29,71,75,6.69,CL,1695410205
111,toliara,-23.35,43.6667,298.8,51,0,3.88,MG,1695410428
112,nevada,39.2502,-116.7512,283.54,28,0,2.32,US,1695410236
113,sabang,5.8933,95.3214,299.22,85,100,6.17,ID,1695410428
114,massakory,12.996,15.7293,302.92,54,53,7.89,TD,1695410429
115,chibougamau,49.9168,-74.3659,291.94,72,100,3.09,CA,1695410429
116,amursk,50.2261,136.8994,278.64,94,0,2.52,RU,1695410430
117,allanridge,-27.7543,26.6438,291.35,8,0,2.84,ZA,1695410430
118,lobujya,27.95,86.8167,274.53,94,100,1.38,NP,1695410431
119,kodiak,57.79,-152.4072,281.88,71,0,0.0,US,1695410431
120,tsiombe,-25.3,45.4833,293.74,94,1,2.51,MG,1695410432
121,holualoa,19.6228,-155.9522,299.06,78,40,3.6,US,1695410432
122,malvan,16.0667,73.4667,299.49,86,98,1.19,IN,1695410433
123,invercargill,-46.4,168.35,279.27,90,100,1.79,NZ,1695410433
124,constitucion,-35.3333,-72.4167,286.7,79,100,5.33,CL,1695410434
125,cururupu,-1.8283,-44.8683,303.59,55,6,3.41,BR,1695410350
126,petropavlovsk-kamchatsky,53.0452,158.6483,274.48,87,40,3.0,RU,1695410435
127,talnakh,69.4865,88.3972,277.71,98,100,2.2,RU,1695410435
128,thompson,55.7435,-97.8558,294.24,46,20,4.63,CA,1695410435
129,porto velho,-8.7619,-63.9039,309.18,38,75,2.57,BR,1695410353
130,jamestown,42.097,-79.2353,295.94,43,0,2.57,US,1695410195
131,port blair,11.6667,92.75,299.17,89,75,1.03,IN,1695410437
132,mount pearl,47.5166,-52.7813,282.12,70,75,6.69,CA,1695410437
133,wailua homesteads,22.0669,-159.378,299.59,78,40,6.69,US,1695410438
134,austin,30.2672,-97.7431,310.57,47,20,6.17,US,1695410115
135,nemuro,43.3236,145.575,289.57,85,0,2.19,JP,1695410439
136,kidal,18.4411,1.4078,310.11,8,2,3.43,ML,1695410268
137,thetford-mines,46.0937,-71.3054,293.21,49,0,2.29,CA,1695410440
138,lamu,-2.2717,40.902,299.27,83,25,6.13,KE,1695410441
139,kuta,-8.7233,115.1723,298.15,94,40,2.68,ID,1695410441
140,zvishavane,-20.3267,30.0665,296.24,18,0,3.0,ZW,1695410442
141,dauphin,51.1494,-100.0502,293.23,52,20,5.14,CA,1695410442
142,enewetak,11.3474,162.3373,301.97,76,32,6.91,MH,1695410442
143,uturoa,-16.7333,-151.4333,298.31,84,100,5.47,PF,1695410443
144,bardai,11.65,7.2333,298.21,77,100,3.47,NG,1695410444
145,kingscliff,-28.2667,153.5667,288.0,88,75,5.66,AU,1695410444
146,dudinka,69.4058,86.1778,277.94,96,100,7.62,RU,1695410250
147,yelizovo,53.1873,158.3805,275.23,87,40,3.0,RU,1695410445
148,arab,34.3182,-86.4958,303.19,46,0,2.97,US,1695410446
149,saint-philippe,-21.3585,55.7679,295.92,78,37,5.21,RE,1695410446
150,vernon,50.2581,-119.2691,294.39,39,3,0.51,CA,1695410210
151,fale old settlement,-9.3852,-171.2468,300.58,81,100,6.46,TK,1695410242
152,saurimo,-9.6608,20.3916,297.93,50,25,2.24,AO,1695410448
153,utrik,11.2278,169.8474,301.86,74,65,7.76,MH,1695410448
154,kapuskasing,49.4169,-82.4331,292.2,72,100,3.09,CA,1695410254
155,dakhla,23.6848,-15.958,295.16,78,0,9.26,EH,1695410211
156,marka,1.7159,44.7717,298.65,85,30,6.58,SO,1695410450
157,hawaiian paradise park,19.5933,-154.9731,299.75,90,75,3.6,US,1695410450
158,colonia,50.9333,6.95,288.13,83,20,3.09,DE,1695410451
159,vizille,45.0782,5.7707,286.84,95,91,1.83,FR,1695410451
160,rochelle,46.25,-1.0,290.2,63,0,5.66,FR,1695410451
161,n'dalatando,-9.2978,14.9116,297.05,68,100,0.15,AO,1695410452
162,fukuecho,32.6881,128.8419,297.74,74,91,9.43,JP,1695410452
163,cidreira,-30.1811,-50.2056,293.74,92,100,5.18,BR,1695410453
164,mandalgovi,45.7625,106.2708,285.7,40,100,4.8,MN,1695410453
165,saint-francois,46.4154,3.9054,284.84,76,0,1.54,FR,1695410454
166,fraserburgh,57.6874,-2.0184,282.83,78,64,10.72,GB,1695410454
167,melfort,52.8667,-104.6177,295.22,28,28,4.12,CA,1695410266
168,bilibino,68.0546,166.4372,274.38,95,100,0.87,RU,1695410455
169,howrah,22.5892,88.3103,300.15,92,100,2.06,IN,1695410455
170,dwarka,22.2394,68.9678,300.67,88,99,5.88,IN,1695410456
171,gatesville,31.4352,-97.7439,308.35,47,0,4.63,US,1695410456
172,rundu,-17.9333,19.7667,299.04,18,59,2.56,NA,1695410457
173,badger,64.8,-147.5333,277.03,92,100,0.0,US,1695410457
174,al mutayrifi,25.4788,49.5576,303.34,39,12,0.76,SA,1695410457
175,punta arenas,-53.15,-70.9167,282.21,49,40,13.38,CL,1695410458
176,natchitoches,31.7668,-93.1335,309.62,43,40,1.54,US,1695410458
177,san antonio de pale,-1.4014,5.6325,298.1,82,100,5.24,GQ,1695410297
178,bhimunipatnam,17.8833,83.4333,300.88,88,100,5.3,IN,1695410459
179,luderitz,-26.6481,15.1594,289.3,76,63,10.66,NA,1695410460
180,amarillo,35.222,-101.8313,308.2,23,0,8.75,US,1695410460
181,kutum,14.2,24.6667,302.53,27,5,2.87,SD,1695410461
182,puerto santa,-8.9906,-78.6456,294.05,75,5,5.97,PE,1695410461
183,chonchi,-42.6128,-73.8092,282.71,70,100,2.0,CL,1695410462
184,arraial do cabo,-22.9661,-42.0278,299.13,65,0,8.23,BR,1695410463
185,richards bay,-28.783,32.0377,294.31,85,100,1.6,ZA,1695410464
186,egilsstadir,65.2653,-14.3948,276.1,87,75,2.57,IS,1695410464
187,bredasdorp,-34.5322,20.0403,284.16,88,5,0.76,ZA,1695410204
188,al majaridah,19.1236,41.9111,307.85,41,89,1.27,SA,1695410466
189,del rio,29.3627,-100.8968,310.5,42,0,7.2,US,1695410466
190,san patricio,28.017,-97.5169,309.35,45,56,7.11,US,1695410258
191,saipan,15.1355,145.701,299.54,89,20,2.06,MP,1695410467
192,port augusta,-32.5,137.7667,283.76,44,44,1.86,AU,1695410468
193,anna regina,7.2644,-58.5077,302.71,70,21,3.54,GY,1695410468
194,greenville,35.6127,-77.3663,292.17,95,100,6.17,US,1695410433
195,kzyltu,53.6364,72.3414,285.05,74,100,6.93,KZ,1695410470
196,sao jose da coroa grande,-8.8978,-35.1478,299.54,73,34,3.84,BR,1695410470
197,antsiranana,-12.2787,49.2917,297.0,80,5,6.68,MG,1695410471
198,keflavik,64.0049,-22.5624,280.39,87,75,2.06,IS,1695410471
199,cabo san lucas,22.8909,-109.9124,309.05,59,0,4.12,MX,1695410261
200,williamsport,41.2412,-77.0011,296.14,53,40,3.6,US,1695410444
201,ramiriqui,5.4002,-73.3354,294.34,52,67,4.04,CO,1695410473
202,whitecourt,54.1502,-115.6855,287.73,58,20,3.09,CA,1695410473
203,durban,-29.8579,31.0292,294.66,83,14,1.12,ZA,1695410474
204,moyynkum,44.2914,72.9469,290.08,53,5,1.56,KZ,1695410474
205,aripuana,-9.1667,-60.6333,308.8,32,97,0.95,BR,1695410475
206,al bawiti,28.3492,28.8659,300.41,32,0,3.96,EG,1695410475
207,opuwo,-18.0607,13.84,296.52,44,1,1.99,NA,1695410436
208,gao,16.6362,1.637,311.16,14,92,3.19,ML,1695410476
209,luau,-10.7073,22.2247,298.73,26,95,1.79,AO,1695410477
210,avarua,-21.2078,-159.775,293.18,56,100,2.57,CK,1695410258
211,freetown,8.484,-13.2299,299.27,87,100,4.6,SL,1695410223
212,manokwari,-0.8667,134.0833,298.44,83,100,1.58,ID,1695410478
213,robore,-18.3333,-59.75,314.4,16,10,4.86,BO,1695410478
214,villamontes,-21.25,-63.5,313.84,40,0,0.0,BO,1695410479
215,rongelap,11.1635,166.8941,301.89,73,32,6.74,MH,1695410480
216,mananjary,-21.2167,48.3333,294.21,88,16,1.15,MG,1695410480
217,la ronge,55.1001,-105.2842,295.29,28,0,2.57,CA,1695410269
218,nishinoomote,30.7333,131.0,300.21,69,99,2.21,JP,1695410481
219,pangoa,-12.1167,-73.0,305.85,41,76,1.66,PE,1695410482
220,chistopol',55.3631,50.6424,289.34,72,20,0.79,RU,1695410483
221,bobo-dioulasso,11.1771,-4.2979,298.76,81,100,2.75,BF,1695410483
222,nantucket,41.2835,-70.0995,293.15,60,0,6.69,US,1695410484
223,valparaiso,-33.0393,-71.6273,291.28,70,100,4.63,CL,1695410484
224,vilyuchinsk,52.9306,158.4028,275.3,78,9,2.93,RU,1695410452
225,nezhinka,51.7676,55.3694,287.24,62,0,3.0,RU,1695410485
226,hadibu,12.65,54.0333,299.76,82,45,5.14,YE,1695410209
227,constantia,44.1833,28.65,294.65,74,2,6.87,RO,1695410486
228,camana,-16.6228,-72.7111,293.87,71,1,3.5,PE,1695410487
229,ciudad lazaro cardenas,17.9583,-102.2,303.81,68,16,3.94,MX,1695410277
230,bac lieu,9.285,105.7244,299.41,87,100,2.92,VN,1695410488
231,tamanrasset,22.785,5.5228,304.1,11,0,3.09,DZ,1695410488
232,natal,-5.795,-35.2094,301.51,65,20,6.17,BR,1695410489
233,altai,46.3722,96.2583,276.9,78,41,2.33,MN,1695410490
234,hammerfest,70.6634,23.6821,281.4,87,75,2.06,NO,1695410246
235,lauro de freitas,-12.8944,-38.3272,299.16,78,75,5.14,BR,1695410491
236,moses lake,47.1301,-119.2781,290.86,63,0,1.54,US,1695410459
237,tidjikja,18.5564,-11.4271,310.15,16,47,5.01,MR,1695410492
238,la passe,45.5549,-0.8967,289.25,68,30,4.79,FR,1695410493
239,changping,40.2186,116.2197,288.95,52,100,0.75,CN,1695410493
240,korhogo,9.45,-5.6333,297.42,89,56,2.16,CI,1695410494
241,laguna,38.421,-121.4238,298.88,50,0,3.09,US,1695410494
242,kirchhain,50.8167,8.9667,285.96,82,100,4.35,DE,1695410495
243,posto fiscal rolim de moura,-13.0833,-62.2667,313.99,19,91,1.33,BR,1695410496
244,coronel dorrego,-38.7187,-61.2873,287.23,43,100,5.75,AR,1695410497
245,shunyi,40.125,116.6453,289.12,88,0,1.0,CN,1695410497
246,anchorage,61.2181,-149.9003,282.11,92,100,1.54,US,1695410467
247,cacak,43.8914,20.3497,299.93,52,14,3.29,RS,1695410499
248,onguday,50.75,86.15,281.42,92,99,1.59,RU,1695410499
249,nogliki,51.8333,143.1667,277.36,81,0,4.04,RU,1695410500
250,alofi,-19.0595,-169.9187,296.09,49,99,9.77,NU,1695410500
251,stanley,54.868,-1.6985,285.25,93,20,0.0,GB,1695410501
252,magadan,59.5667,150.8,275.67,73,100,1.42,RU,1695410255
253,acapulco de juarez,16.8634,-99.8901,305.05,62,100,4.12,MX,1695410359
254,almeirim,-1.5233,-52.5817,305.16,54,70,3.62,BR,1695410502
255,santo antonio do ica,-3.1022,-67.9397,306.61,47,95,1.46,BR,1695410503
256,fortuna,40.5982,-124.1573,293.11,67,40,2.06,US,1695410503
257,trinidad,-14.8333,-64.9,310.14,41,20,4.12,BO,1695410255
258,kati,12.7441,-8.0726,296.82,61,30,1.31,ML,1695410504
259,el calafate,-50.3408,-72.2768,277.69,60,13,2.86,AR,1695410505
260,albemarle,35.3501,-80.2001,299.18,56,100,7.2,US,1695410505
261,kristiansund,63.1115,7.732,285.51,87,19,2.57,NO,1695410506
262,ust-nera,64.5667,143.2,270.31,93,83,1.67,RU,1695410506
263,aitape,-3.1374,142.3475,297.73,92,100,1.78,PG,1695410507
264,wynyard,-41.0,145.7167,279.81,82,100,2.09,AU,1695410507
265,mayqayyng,51.4625,75.7986,288.81,40,100,9.96,KZ,1695410508
266,la'ie,21.6477,-157.9253,301.54,70,86,2.68,US,1695410256
267,nadi,-17.8,177.4167,294.15,83,20,1.03,FJ,1695410509
268,conde,-7.2597,-34.9075,299.85,69,20,5.66,BR,1695410510
269,mana,5.6592,-53.7767,302.98,71,13,5.29,GF,1695410511
270,caleta de carquin,-11.0925,-77.6267,294.17,71,7,5.08,PE,1695410511
271,nova vicosa,-17.8919,-39.3719,298.73,67,54,5.73,BR,1695410344
272,leh,34.1667,77.5833,284.74,45,4,3.35,IN,1695410512
273,mahalapye,-23.1041,26.8142,300.82,21,0,5.39,BW,1695410512
274,jati,24.3539,68.2671,301.83,79,77,3.96,PK,1695410513
275,veracruz,19.3333,-96.6667,303.82,53,30,2.24,MX,1695410185
276,harstad,68.799,16.5293,282.12,97,100,5.81,NO,1695410514
277,inyati,-19.6756,28.8469,296.8,13,0,5.8,ZW,1695410514
278,nhamunda,-2.1861,-56.7131,311.9,26,73,2.45,BR,1695410515
279,gadzhiyevo,69.2551,33.3362,284.62,93,100,6.01,RU,1695410515
280,fernie,49.5,-115.0687,286.53,45,100,1.5,CA,1695410515
281,sulphur,30.2366,-93.3774,307.26,61,75,5.66,US,1695410516
282,shuangjiang,26.1547,109.7138,291.74,96,60,1.39,CN,1695410516
283,cannonvale,-20.2833,148.7,294.81,82,8,8.58,AU,1695410517
284,tolanaro,-25.0319,46.9987,296.19,88,20,9.77,MG,1695410518
285,nema,57.5067,50.5011,290.64,64,100,1.75,RU,1695410446
286,tazacorte,28.629,-17.9293,297.69,83,20,4.63,ES,1695410519
287,ancud,-41.8697,-73.8203,282.1,74,100,3.49,CL,1695410467
288,tumpat,6.1978,102.171,298.16,94,20,1.03,MY,1695410519
289,namibe,-15.1961,12.1522,291.92,88,100,2.35,AO,1695410520
290,mitu,1.1983,-70.1733,305.04,53,96,0.74,CO,1695410521
291,neiafu,-18.65,-173.9833,296.53,68,75,8.75,TO,1695410521
292,rawdon,46.0501,-73.7159,295.44,44,0,2.83,CA,1695410522
293,portland,45.5234,-122.6762,296.76,46,20,2.68,US,1695410296
294,ikungi,-5.1333,34.7667,296.25,40,95,5.81,TZ,1695410523
295,madalena,41.2162,-8.3345,290.63,79,9,1.45,PT,1695410523
296,lazaro cardenas,17.9583,-102.2,303.81,68,16,3.94,MX,1695410524
297,crane,31.3974,-102.3501,307.85,29,3,3.83,US,1695410524
298,selfoss,63.9331,-20.9971,279.29,65,99,3.06,IS,1695410524
299,sinabang,2.4803,96.3801,299.26,85,100,3.32,ID,1695410248
300,saidpur,25.7777,88.8917,297.65,98,100,4.48,BD,1695410525
301,camara de lobos,32.6333,-16.9667,298.55,94,40,6.17,PT,1695410526
302,ceeldheer,3.8488,47.1806,299.12,86,99,8.67,SO,1695410527
303,amungan,15.3652,119.9582,298.85,89,100,2.68,PH,1695410527
304,oloron-sainte-marie,43.1944,-0.6107,287.11,95,76,2.77,FR,1695410528
305,khandyga,62.6667,135.6,274.03,98,100,1.8,RU,1695410528
306,kamogawa,35.1,140.1,296.0,94,100,3.3,JP,1695410529
307,floro,61.5996,5.0328,286.13,88,40,5.66,NO,1695410529
308,okhotsk,59.3833,143.3,277.92,81,20,1.26,RU,1695410530
309,manakara,-22.1333,48.0167,293.96,91,29,2.2,MG,1695410530
310,timimoun,29.2639,0.231,310.36,10,5,2.06,DZ,1695410530
311,nuuk,64.1835,-51.7216,276.49,70,75,2.06,GL,1695410531
312,el bolson,-41.9667,-71.5167,279.9,99,100,1.69,AR,1695410531
313,pak phanang,8.3511,100.202,298.97,85,100,3.08,TH,1695410532
314,yarmouth,41.7057,-70.2286,293.72,61,0,6.26,US,1695410532
315,mariakani,-3.8633,39.4736,295.53,90,3,4.34,KE,1695410533
316,port shepstone,-30.7414,30.455,293.28,75,97,2.95,ZA,1695410534
317,luganville,-15.5333,167.1667,296.99,79,31,2.43,VU,1695410534
318,kaa-khem,51.6833,94.7333,285.59,71,100,1.39,RU,1695410535
319,ha'il,27.5219,41.6907,306.16,16,0,2.06,SA,1695410265
320,kavaratti,10.5669,72.642,300.71,81,100,5.62,IN,1695410536
321,bengkulu,-3.8004,102.2655,294.67,94,28,2.82,ID,1695410536
322,ambon,-3.6954,128.1814,298.64,95,20,3.09,ID,1695410537
323,linkou,45.3,130.2833,278.96,84,0,1.39,CN,1695410537
324,inongo,-1.95,18.2667,295.97,82,100,2.51,CD,1695410538
325,walvis bay,-22.9575,14.5053,285.98,82,100,4.25,NA,1695410331
326,codrington,-38.2667,141.9667,278.41,94,100,3.3,AU,1695410539
327,longyearbyen,78.2186,15.6401,268.06,86,20,2.57,SJ,1695410539
328,semnan,35.5729,53.3971,294.81,31,3,0.3,IR,1695410540
329,nova sintra,14.8667,-24.7167,298.39,78,91,1.75,CV,1695410540
330,macapa,0.0389,-51.0664,301.14,78,75,8.23,BR,1695410541
331,santana,-0.0583,-51.1817,301.25,78,75,8.23,BR,1695410281
332,cromwell,41.5951,-72.6454,296.64,61,75,2.06,US,1695410542
333,bodo,67.28,14.405,283.58,97,100,5.66,NO,1695410542
334,touros,-5.1989,-35.4608,301.14,61,6,7.12,BR,1695410350
335,preobrazheniye,42.9019,133.9064,285.18,76,2,3.28,RU,1695410456
336,charters towers,-20.1,146.2667,290.41,94,17,4.31,AU,1695410546
337,vallenar,-28.5708,-70.7581,301.81,8,7,4.28,CL,1695410547
338,port saint john's,-31.6229,29.5448,292.01,85,46,3.62,ZA,1695410547
339,al muwayh,22.4333,41.7583,302.9,13,61,3.26,SA,1695410548
340,ad douiem,14.0012,32.3116,305.44,42,100,5.79,SD,1695410548
341,orumiyeh,37.5527,45.0761,289.9,51,0,2.06,IR,1695410549
342,sel'tso,53.3675,34.1,288.49,61,68,3.05,RU,1695410549
343,sitka,57.0531,-135.33,284.09,76,100,4.63,US,1695410550
344,northam,51.0333,-4.2167,286.82,79,32,6.22,GB,1695410284
345,siwa oasis,29.2041,25.5195,302.13,23,7,2.63,EG,1695410551
346,dharamsala,32.2419,76.3213,289.6,76,22,3.28,IN,1695410551
347,cole harbour,44.6724,-63.4751,292.0,53,20,1.79,CA,1695410552
348,kapa'a,22.0752,-159.319,300.33,78,40,6.69,US,1695410552
349,st. john's,47.5649,-52.7093,283.3,69,75,6.69,CA,1695410368
350,merizo village,13.2658,144.6691,299.46,97,99,3.65,GU,1695410553
351,puerto aysen,-45.4,-72.7,284.17,50,0,6.17,CL,1695410554
352,shimokizukuri,40.8061,140.3861,285.66,93,0,1.84,JP,1695410554
353,manggar,-2.8833,108.2667,299.06,77,100,3.09,ID,1695410555
354,hotan,37.0997,79.9269,286.96,75,100,9.18,CN,1695410555
355,belmonte,-15.8631,-38.8828,298.71,68,12,3.85,BR,1695410556
356,hirara,24.8,125.2833,299.3,94,1,2.06,JP,1695410556
357,weno,7.4515,151.8468,302.07,79,100,8.37,FM,1695410442
358,teguise,29.0605,-13.564,296.27,73,20,5.14,ES,1695410557
359,boyolangu,-8.1181,111.8935,294.28,93,47,0.78,ID,1695410558
360,usta muhammad,28.1794,68.0445,306.3,46,35,5.56,PK,1695410558
361,terrace,54.5163,-128.6035,288.1,82,75,11.83,CA,1695410559
362,albertina,-22.2008,-46.6158,306.25,22,69,3.9,BR,1695410559
363,tobelo,1.7284,128.0095,298.81,83,90,1.65,ID,1695410301
364,shevchenko,48.5,35.0,295.2,44,10,3.38,UA,1695410560
365,edmundston,47.3737,-68.3251,295.79,44,0,3.6,CA,1695410448
366,san agustin,20.5333,-103.4667,299.77,54,75,5.14,MX,1695410561
367,nuriootpa,-34.4833,139.0,284.57,62,99,3.48,AU,1695410561
368,kaoma,-14.7833,24.8,296.61,23,95,2.57,ZM,1695410562
369,el porvenir,13.7617,-87.3458,306.78,33,7,1.93,HN,1695410563
370,ghadamis,30.1337,9.5007,307.52,15,12,2.99,LY,1695410563
371,diepholz,52.6,8.3667,287.28,84,55,2.19,DE,1695410564
372,buloh kasap,2.5536,102.764,297.24,96,87,1.54,MY,1695410564
373,lubang,13.8584,120.124,300.91,78,97,3.97,PH,1695410565
374,ola,59.5833,151.2833,276.01,71,100,1.82,RU,1695410565
375,kilindoni,-7.9139,39.6668,298.47,78,10,5.68,TZ,1695410566
376,kolonia town,6.964,158.206,301.44,77,100,3.76,FM,1695410435
377,mantua,45.1667,10.7833,295.92,80,100,1.34,IT,1695410567
378,puerto penasco,31.3167,-113.5333,303.33,42,98,4.77,MX,1695410567
379,arteche,12.2645,125.4048,298.1,92,100,2.04,PH,1695410568
380,urzhar,47.093,81.6294,286.09,67,58,1.77,KZ,1695410568
381,zhezqazghan,47.7833,67.7667,288.96,50,0,3.58,KZ,1695410568
382,jean-rabel,19.8533,-73.1917,303.26,68,57,2.17,HT,1695410569
383,greymouth,-42.4667,171.2,283.43,93,99,1.28,NZ,1695410570
384,gap,44.6667,6.0,279.72,75,13,1.04,FR,1695410570
385,vadso,70.0744,29.7487,282.64,100,100,1.54,NO,1695410571
386,isiro,2.7739,27.616,291.43,96,100,1.15,CD,1695410571
387,paramonga,-10.6667,-77.8333,294.16,70,0,4.97,PE,1695410448
388,san marcos,33.1434,-117.1661,297.31,71,0,2.57,US,1695410572
389,suva,-18.1416,178.4415,296.86,83,75,6.69,FJ,1695410573
390,yoichi,43.2039,140.7703,289.08,74,5,4.41,JP,1695410573
391,tomatlan,19.9333,-105.25,306.82,58,14,2.68,MX,1695410574
392,argamasilla de calatrava,38.7384,-4.015,291.72,49,14,1.56,ES,1695410574
393,oruro,-17.9833,-67.15,295.42,27,20,2.57,BO,1695410575
394,oxapampa,-10.5775,-75.4017,295.92,65,59,1.84,PE,1695410575
395,prince rupert,54.3161,-130.3201,284.2,95,100,7.2,CA,1695410442
396,kloulklubed,7.0419,134.2556,300.43,79,100,5.89,PW,1695410576
397,mbala,-8.8402,31.3659,295.86,34,71,3.28,ZM,1695410576
398,hobyo,5.3505,48.5268,299.15,91,38,10.17,SO,1695410577
399,anse-bertrand,16.4721,-61.5078,303.68,100,44,5.39,GP,1695410577
400,papao,-17.75,-149.55,299.97,93,100,5.82,PF,1695410578
401,maumere,-8.6199,122.2111,297.78,82,45,2.49,ID,1695410578
402,iacu,-12.7672,-40.2117,304.88,32,0,4.14,BR,1695410579
403,tutoia,-2.7619,-42.2744,301.67,69,3,6.32,BR,1695410579
404,dhoro naro,25.5,69.5667,303.7,67,84,5.74,PK,1695410580
405,ayaviri,-14.8864,-70.5889,292.8,20,100,3.73,PE,1695410580
406,fort st. john,56.2499,-120.8529,294.09,32,20,3.6,CA,1695410581
407,n'zeto,-7.2312,12.8666,296.39,88,66,3.45,AO,1695410582
408,camapua,-19.5314,-54.0439,308.01,26,100,3.9,BR,1695410582
409,kirensk,57.7853,108.1119,283.61,76,96,2.06,RU,1695410583
410,stephenville,32.2207,-98.2023,308.84,33,0,4.12,US,1695410583
411,port alfred,-33.5906,26.891,292.14,91,100,0.89,ZA,1695410447
412,iaciara,-14.0958,-46.6317,310.13,12,5,3.08,BR,1695410584
413,grand falls-windsor,48.9332,-55.6649,285.65,48,4,1.34,CA,1695410585
414,dalnegorsk,44.5604,135.5701,279.4,80,0,2.46,RU,1695410585
415,bang saphan,11.2126,99.5117,297.38,94,100,1.67,TH,1695410586
416,languyan,5.2618,120.0807,298.64,88,100,2.73,PH,1695410586
417,mata-utu,-13.2816,-176.1745,300.03,81,89,12.42,WF,1695410587
418,flying fish cove,-10.4217,105.6791,296.97,88,100,3.6,CX,1695410587
419,bandrele,-12.9067,45.1914,299.01,83,0,3.6,YT,1695410588
420,ust'-ilimsk,58.0006,102.6619,281.52,85,22,2.43,RU,1695410588
421,ocean shores,46.9737,-124.1563,296.73,69,0,3.09,US,1695410514
422,poronaysk,49.2167,143.1167,279.99,83,0,2.6,RU,1695410590
423,yaren,-0.5472,166.916,301.68,77,100,4.86,NR,1695410590
424,barras,-4.2444,-42.2944,313.6,16,28,2.93,BR,1695410591
425,gulf shores,30.246,-87.7008,304.58,63,20,5.14,US,1695410591
426,ubinskoye,55.3068,79.6802,281.45,91,100,5.85,RU,1695410591
427,khash,28.2211,61.2158,292.48,17,48,3.41,IR,1695410592
428,novyy urengoy,66.0833,76.6333,275.38,94,100,11.7,RU,1695410592
429,coquimbo,-29.9533,-71.3436,293.0,63,0,5.66,CL,1695410593
430,agropoli,40.3469,14.9966,299.87,66,98,1.78,IT,1695410593
431,bamboo flat,11.7,92.7167,299.2,89,75,1.03,IN,1695410594
432,yuzhno-kurilsk,44.0306,145.8556,288.26,91,1,1.06,RU,1695410449
433,gazi,35.3253,25.0669,299.23,57,0,2.06,GR,1695410595
434,tongouson,5.0214,120.1328,300.78,79,100,4.85,PH,1695410595
435,brak,27.5496,14.2714,302.45,18,1,3.93,LY,1695410596
436,dan gora,11.5349,8.1522,299.11,66,100,3.81,NG,1695410537
437,arkhangel'sk,64.5401,40.5433,287.19,94,23,3.55,RU,1695410597
438,kailua-kona,19.6406,-155.9956,301.13,77,40,3.6,US,1695410597
439,jindabyne,-36.4167,148.6333,275.81,70,71,1.24,AU,1695410598
440,lang suan,9.9456,99.0785,297.79,92,100,1.96,TH,1695410598
441,tinyahuarco,-10.75,-76.3,285.55,45,96,5.73,PE,1695410599
442,nadym,65.5333,72.5167,277.07,82,91,11.46,RU,1695410599
443,inhambane,-23.865,35.3833,296.14,94,40,5.66,MZ,1695410433
444,safranbolu,41.2508,32.6942,289.49,50,17,0.25,TR,1695410600
445,darovskoy,58.77,47.9564,290.39,64,100,1.53,RU,1695410600
446,mariehamn,60.0973,19.9348,290.07,94,75,7.72,AX,1695410601
447,piton saint-leu,-21.2196,55.3151,294.21,73,40,2.06,RE,1695410601
448,lihue,21.9789,-159.3672,299.92,78,40,6.69,US,1695410602
449,margate,51.3813,1.3862,286.43,73,64,0.89,GB,1695410369
450,les avirons,-21.2418,55.3394,294.2,73,40,2.06,RE,1695410603
451,coihueco,-36.6167,-71.8333,286.56,77,100,2.06,CL,1695410516
452,fisterra,42.9049,-9.2629,289.83,74,61,2.06,ES,1695410603
453,dunedin,-45.8742,170.5036,279.15,99,100,1.65,NZ,1695410604
454,geraldton,-28.7667,114.6,285.38,94,40,0.0,AU,1695410358
455,juneau,58.3019,-134.4197,282.71,95,100,3.6,US,1695410353
456,tumaco,1.7986,-78.8156,301.56,73,71,5.4,CO,1695410606
457,nykobing falster,54.7691,11.8743,288.78,83,100,0.89,DK,1695410606
458,saskatoon,52.1168,-106.6345,294.14,32,20,5.66,CA,1695410415
459,inverloch,-38.6333,145.7167,280.44,86,100,1.76,AU,1695410607
460,al wafrah,28.6392,47.9306,307.43,10,0,4.36,KW,1695410608
461,mossel bay,-34.1831,22.146,288.11,74,100,0.64,ZA,1695410608
462,usogorsk,63.4106,48.6872,283.47,96,100,2.6,RU,1695410609
463,road town,18.4167,-64.6167,305.17,62,40,5.66,VG,1695410527
464,lerwick,60.1545,-1.1494,284.15,88,100,10.91,GB,1695410610
465,chadron,42.8294,-102.9999,290.29,75,40,4.63,US,1695410610
466,penonome,8.5167,-80.3667,305.64,65,43,4.47,PA,1695410611
467,filey,54.21,-0.2892,286.36,86,100,0.89,GB,1695410611
468,soledad de graciano sanchez,22.2,-100.95,299.05,27,0,2.57,MX,1695410612
469,jiazi,22.8779,116.067,299.33,89,11,4.09,CN,1695410612
470,mangrol,21.1167,70.1167,300.37,88,14,4.06,IN,1695410613
471,port alberni,49.2413,-124.8028,293.67,51,0,0.89,CA,1695410391
472,palmas,-10.2128,-48.3603,309.08,28,20,3.6,BR,1695410614
473,whitby,54.4877,-0.615,285.55,90,100,2.41,GB,1695410614
474,tindouf,27.6711,-8.1474,304.4,16,0,6.17,DZ,1695410615
475,thunder bay,48.4001,-89.3168,292.1,82,100,4.12,CA,1695410615
476,buka,40.8108,69.1986,288.32,40,0,2.75,UZ,1695410615
477,puerto colombia,10.9878,-74.9547,306.2,72,78,7.61,CO,1695410616
478,laojunmiao,39.8333,97.7333,283.67,61,43,3.76,CN,1695410616
479,berezovyy,51.6667,135.7,276.37,84,48,2.3,RU,1695410617
480,levanger,63.7464,11.2996,284.18,92,97,1.72,NO,1695410617
481,onega,63.9061,38.1404,287.02,93,68,3.54,RU,1695410618
482,itamaraca,-7.7478,-34.8256,300.18,68,4,4.13,BR,1695410618
483,raduzhny,62.0961,77.475,279.29,76,40,6.54,RU,1695410618
484,bentota,6.4254,79.9948,298.71,87,10,1.24,LK,1695410619
485,sarandi del yi,-33.35,-55.6333,290.52,76,100,5.96,UY,1695410619
486,tual,-5.6667,132.75,298.44,83,100,9.78,ID,1695410620
487,forster,-32.1667,152.5167,287.07,64,70,2.01,AU,1695410620
488,emporia,38.4039,-96.1817,300.1,61,100,6.69,US,1695410621
489,homer,59.6425,-151.5483,283.02,89,0,2.57,US,1695410621
490,andergrove,-21.0833,149.1833,295.18,85,19,9.66,AU,1695410621
491,quepos,9.4236,-84.1652,302.52,72,97,2.66,CR,1695410622
492,priargunsk,50.3691,119.1012,281.59,56,64,1.95,RU,1695410622
493,labuan,5.2767,115.2417,297.35,100,40,1.03,MY,1695410623
494,hakha,22.65,93.6167,287.86,98,100,1.2,MM,1695410478
495,kone,-21.0595,164.8658,292.2,92,9,1.43,NC,1695410623
496,cadale,2.7603,46.3222,299.4,84,32,8.14,SO,1695410624
497,igarka,67.4667,86.5833,279.08,94,100,5.18,RU,1695410624
498,belo sur tsiribihina,-19.7,44.55,296.24,87,0,0.72,MG,1695410625
499,pamandzi,-12.7967,45.2794,299.03,83,0,3.6,YT,1695410625
500,callao,-12.0667,-77.15,295.31,60,75,3.6,PE,1695410329
501,hinton,53.4001,-117.5857,292.22,26,0,1.42,CA,1695410626
502,changji,44.0167,87.3167,289.59,59,0,2.0,CN,1695410626
503,oqtosh,39.9214,65.9253,289.24,39,0,4.19,UZ,1695410627
504,aylmer,42.7668,-80.983,297.87,28,12,3.79,CA,1695410627
505,port macquarie,-31.4333,152.9167,283.65,62,100,3.18,AU,1695410628
506,bezopasnoye,45.6483,41.936,293.49,48,1,6.71,RU,1695410628
507,borogontsy,62.6683,131.1683,274.72,96,100,1.54,RU,1695410629
508,dili,-8.5586,125.5736,298.12,65,15,1.96,TL,1695410420
509,saint-pierre,-21.3393,55.4781,295.97,73,40,2.06,RE,1695410629
510,erenhot,43.6475,111.9767,288.2,45,87,7.54,CN,1695410630
511,akcakale,36.7111,38.9475,303.26,14,0,2.98,TR,1695410630
512,kalengwa,-13.4659,25.0027,295.83,25,77,2.28,ZM,1695410631
513,vilyuysk,63.7553,121.6247,279.23,97,100,2.38,RU,1695410631
514,le moule,16.3332,-61.3473,303.81,100,67,1.34,GP,1695410631
515,les sables-d'olonne,46.6667,-1.8333,287.59,68,7,5.27,FR,1695410632
516,dakoro,14.5106,6.765,309.36,16,7,1.46,NE,1695410632
517,sandnessjoen,66.0217,12.6316,284.21,87,75,4.12,NO,1695410633
518,prachuap khiri khan,12.2167,99.75,295.57,94,100,1.46,TH,1695410633
519,argostolion,38.1811,20.489,299.68,42,20,0.0,GR,1695410634
520,phalodi,27.1333,72.3667,304.99,54,25,6.17,IN,1695410634
521,borisoglebsk,51.3671,42.0849,289.08,44,0,3.35,RU,1695410635
522,viedma,-40.8135,-62.9967,287.52,41,99,6.63,AR,1695410635
523,yaring,6.8662,101.3689,298.78,88,98,3.28,TH,1695410636
524,necochea,-38.5473,-58.7368,282.01,62,100,4.62,AR,1695410636
525,afif,23.9065,42.9172,303.79,13,29,4.25,SA,1695410637
526,tralee,52.2704,-9.7026,282.29,81,0,2.06,IE,1695410637
527,karratha,-20.7377,116.8463,298.75,36,19,5.61,AU,1695410639
528,vila velha,-20.3297,-40.2925,299.12,78,20,9.26,BR,1695410399
529,kourou,5.1552,-52.6478,303.18,67,21,5.45,GF,1695410639
530,tofol,5.3248,163.0078,301.7,71,94,2.57,FM,1695410640
531,jiagedaqi,50.4167,124.1167,278.89,73,6,1.55,CN,1695410640
532,vila franca do campo,37.7167,-25.4333,296.97,99,100,1.88,PT,1695410641
533,greater sudbury,46.49,-80.99,295.96,61,5,1.79,CA,1695410637
534,brisas de zicatela,15.8369,-97.0419,304.44,55,75,1.03,MX,1695410642
535,um jar al gharbiyya,13.8013,32.4078,305.67,41,100,3.05,SD,1695410642
536,torghay,49.6339,63.4981,289.39,40,14,3.71,KZ,1695410643
537,nar'yan-mar,67.6713,53.087,278.54,87,100,4.88,RU,1695410205
538,nelson bay,-32.7167,152.15,285.93,88,41,3.58,AU,1695410644
539,anshun,26.25,105.9333,292.25,97,100,3.86,CN,1695410644
540,altay,47.8667,88.1167,282.6,79,100,0.67,CN,1695410645
541,mersa matruh,31.3525,27.2453,298.55,67,100,4.42,EG,1695410645
542,tineo,43.3376,-6.4145,285.72,92,62,1.01,ES,1695410646
543,carutapera,-1.195,-46.02,303.17,63,67,5.4,BR,1695410646
544,garachico,28.7781,-17.7646,296.21,65,20,4.63,ES,1695410647
545,hami,42.8,93.45,291.5,33,100,4.94,CN,1695410647
546,broken hill,-31.95,141.4333,283.36,46,0,4.7,AU,1695410356
547,mejit,10.2753,170.8646,301.62,77,96,8.42,MH,1695410648
548,mahanoro,-19.9,48.8,294.44,89,56,1.17,MG,1695410648
549,kafin hausa,12.2375,9.908,305.29,30,97,2.37,NG,1695410537
550,comandante fontana,-25.3345,-59.6821,316.21,14,50,5.5,AR,1695410649
551,santa luzia,-19.7697,-43.8514,305.8,32,0,2.57,BR,1695410650
552,brookings,44.3114,-96.7984,292.84,81,100,7.2,US,1695410650
553,luwuk,-0.9516,122.7875,295.91,78,97,2.2,ID,1695410651
554,warrensburg,38.7628,-93.7361,296.19,79,0,5.66,US,1695410651
555,kilcock,53.4022,-6.6708,285.01,75,75,3.6,IE,1695410651
556,adrar,20.5022,-10.0711,310.52,15,12,5.42,MR,1695410652
557,as sulayyil,20.4607,45.5779,306.29,14,10,3.74,SA,1695410652
558,chita,52.0333,113.55,274.09,93,99,1.0,RU,1695410366
559,salekhard,66.53,66.6019,279.13,75,98,5.51,RU,1695410653
560,port hedland,-20.3167,118.5667,295.18,46,6,4.12,AU,1695410654
561,valdosta,30.8327,-83.2785,303.66,49,0,5.14,US,1695410655
562,san jose de guanipa,8.8872,-64.1651,306.95,40,32,2.46,VE,1695410655
563,akureyri,65.6835,-18.0878,277.11,70,75,0.51,IS,1695410656
